{"cameraMode":{"drawMode":0,"name":"Shaded","section":"Shading Mode"},"sceneLighting":true,"audioPlay":false,"sceneViewState":{"showFog":true,"showMaterialUpdate":false,"showSkybox":true,"showFlares":true,"showImageEffects":true,"showParticleSystems":true},"in2DMode":false,"pivot":{"x":23.66571044921875,"y":15.300030708312989,"z":-12.463483810424805},"rotation":{"x":0.20399373769760133,"y":-0.5582045912742615,"z":0.14390824735164643,"w":0.7912746667861939},"size":10.0,"orthographic":false}